<customapi uniquename="new_GetBookDetails">
  <allowedcustomprocessingsteptype>0</allowedcustomprocessingsteptype>
  <bindingtype>0</bindingtype>
  <description default="GetBookDetails">
    <label description="GetBookDetails" languagecode="1033" />
  </description>
  <displayname default="GetBookDetails">
    <label description="GetBookDetails" languagecode="1033" />
  </displayname>
  <iscustomizable>1</iscustomizable>
  <isfunction>0</isfunction>
  <isprivate>0</isprivate>
  <name>GetBookDetails</name>
  <plugintypeid>
    <plugintypeexportkey>646080ac-0f33-4fdf-8080-f1470fd50f65</plugintypeexportkey>
  </plugintypeid>
  <workflowsdkstepenabled>0</workflowsdkstepenabled>
</customapi>