<customapi uniquename="new_GetReccurences">
  <allowedcustomprocessingsteptype>0</allowedcustomprocessingsteptype>
  <bindingtype>0</bindingtype>
  <description default="GetReccurences">
    <label description="GetReccurences" languagecode="1033" />
  </description>
  <displayname default="GetReccurences">
    <label description="GetReccurences" languagecode="1033" />
  </displayname>
  <iscustomizable>1</iscustomizable>
  <isfunction>0</isfunction>
  <isprivate>0</isprivate>
  <name>GetReccurences</name>
  <plugintypeid>
    <plugintypeexportkey>852BD5C0F9C43BA5D2604B285271230DC18085CB518E6E28B66B53B892117D3A</plugintypeexportkey>
  </plugintypeid>
  <workflowsdkstepenabled>0</workflowsdkstepenabled>
</customapi>