<customapi uniquename="new_TimeZoneConverter">
  <allowedcustomprocessingsteptype>0</allowedcustomprocessingsteptype>
  <bindingtype>0</bindingtype>
  <description default="TimeZoneConverter">
    <label description="TimeZoneConverter" languagecode="1033" />
  </description>
  <displayname default="TimeZoneConverter">
    <label description="TimeZoneConverter" languagecode="1033" />
  </displayname>
  <iscustomizable>1</iscustomizable>
  <isfunction>0</isfunction>
  <isprivate>0</isprivate>
  <name>TimeZoneConverter</name>
  <plugintypeid>
    <plugintypeexportkey>B3EC17A751A7BF006C3614C698807DFEA6CA60FDF2B8C883A23EFAC44347F065</plugintypeexportkey>
  </plugintypeid>
  <workflowsdkstepenabled>0</workflowsdkstepenabled>
</customapi>